Keywords,TF-IDF
project,4.463937411483341
use,5.1082944278738545
site,5.284917963553172
building,5.331437979188064
impact,5.478668216170749
plan,5.550127180152893
permit,5.710469830228073
include,5.736903087296229
west,5.745871757278989
carlos,5.773270731467104
street,5.791962864479256
shall,5.840281441750063
residential,5.855244314426776
construction,5.86534541041328
development,5.88069098008794
space,5.906802124091626
commercial,5.9228024654380675
parking,5.961163333310513
foot,5.966765588859183
urban,5.9723994065774395
area,6.012750702101006
tree,6.079644936931037
alternative,6.11159653673764
eir,6.131269302336344
significant,6.164942517442932
village,6.178735839575268
comment,6.1997892487731
environmental,6.296518875231651
code,6.352758593554527
exist,6.386375204353512
ceqa,6.394958948044904
locate,6.412350690756773
air,6.412350690756773
square,6.439018937838934
zone,6.439018937838934
analysis,6.4757203046893625
emission,6.4757203046893625
quality,6.543378953163177
design,6.543378953163177
policy,6.584200947683432
unit,6.594672247550728
response,6.6052543568812645
approximately,6.6052543568812645
land,6.705897882660952
condition,6.741829891887015
measure,6.766522504477387
planning,6.779101286684247
retail,6.791840312461677
mixed,6.817815798864937
new,6.831061025614958
deir,6.831061025614958
historic,6.831061025614958
general,6.844484045947099
section,6.844484045947099
district,6.858089698002877
formaldehyde,6.858089698002877
identify,6.858089698002877
property,6.871883020135213
review,6.885869262109953
mitigation,6.929041433975162
standard,6.929041433975162
structure,6.929041433975162
requirement,6.958894397124843
vmt,6.9741618692556315
demolition,6.9741618692556315
reduction,6.9741618692556315
report,6.989666055791597
jmd,6.989666055791597
noise,6.989666055791597
nvf,6.989666055791597
avenue,6.989666055791597
material,7.005414412759736
pedestrian,7.021414754106177
growth,7.021414754106177
result,7.037675274977957
ordinance,7.054204576929168
prior,7.054204576929168
consistent,7.054204576929168
paseo,7.071011695245549
finding,7.071011695245549
phase,7.088106128604849
vehicle,7.105497871316718
implementation,7.105497871316718
feir,7.141215953918797
housing,7.141215953918797
designation,7.141215953918797
special,7.159565092586994
guideline,7.159565092586994
find,7.178257225599147
municipal,7.197305420569841
seven,7.197305420569841
allow,7.197305420569841
state,7.197305420569841
floor,7.197305420569841
transportation,7.197305420569841
level,7.216723506426943
trip,7.216723506426943
work,7.216723506426943
meet,7.236526133723123
tdm,7.236526133723123
vista,7.236526133723123
mix,7.236526133723123
buena,7.236526133723123
activity,7.236526133723123
removal,7.236526133723123
size,7.256728841040642
reduce,7.256728841040642
indoor,7.256728841040642
page,7.277348128243378
neighborhood,7.29840153744121
location,7.29840153744121
grade,7.29840153744121
base,7.319907742662173
approval,7.319907742662173
total,7.319907742662173
prepare,7.319907742662173
applicant,7.319907742662173
access,7.319907742662173
maximum,7.341886649380949
adjacent,7.341886649380949
contain,7.341886649380949
open,7.341886649380949
bungalow,7.341886649380949
management,7.364359505233007
amendment,7.387349023457706
sidewalk,7.387349023457706
common,7.387349023457706
bicycle,7.387349023457706
director,7.387349023457706
residence,7.387349023457706
risk,7.387349023457706
ground,7.4108795208679
density,7.4108795208679
objective,7.4108795208679
letter,7.43497707244696
lead,7.4596696850373325
unavoidable,7.4596696850373325
feasible,7.4596696850373325
staff,7.4596696850373325
wide,7.4596696850373325
agency,7.4596696850373325
accordance,7.484987493021622
baaqmd,7.484987493021622
remain,7.484987493021622
vibration,7.484987493021622
submit,7.484987493021622
maintain,7.484987493021622
equipment,7.484987493021622
information,7.510962979424883
issuance,7.510962979424883
height,7.510962979424883
applicable,7.537631226507044
effect,7.537631226507044
implement,7.537631226507044
discuss,7.537631226507044
health,7.537631226507044
transit,7.537631226507044
story,7.537631226507044
set,7.537631226507044
day,7.565030200695158
relate,7.565030200695158
evaluate,7.565030200695158
high,7.565030200695158
avoid,7.565030200695158
bus,7.565030200695158
frontage,7.593201077661855
way,7.593201077661855
exhibit,7.593201077661855
right,7.622188614535107
february,7.622188614535107
conformance,7.622188614535107
determine,7.622188614535107
limit,7.622188614535107
fail,7.6520415776847885
improvement,7.6520415776847885
environment,7.6520415776847885
commission,7.6520415776847885
percent,7.682813236351542
goal,7.682813236351542
south,7.682813236351542
threshold,7.682813236351542
control,7.682813236351542
safety,7.714561934666122
estimate,7.714561934666122
support,7.714561934666122
non,7.714561934666122
permittee,7.714561934666122
cancer,7.747351757489113
consider,7.747351757489113
county,7.747351757489113
conform,7.747351757489113
facility,7.747351757489113
court,7.781253309164795
preserve,7.781253309164795
significance,7.781253309164795
private,7.781253309164795
local,7.781253309164795
water,7.781253309164795
construct,7.781253309164795
issue,7.781253309164795
address,7.781253309164795
million,7.781253309164795
consideration,7.781253309164795
build,7.781253309164795
rear,7.781253309164795
ensure,7.816344628976065
santa,7.816344628976065
complete,7.816344628976065
time,7.816344628976065
vta,7.816344628976065
liuna,7.852712273146939
clara,7.852712273146939
annual,7.852712273146939
period,7.852712273146939
cal,7.852712273146939
additional,7.852712273146939
style,7.852712273146939
lessen,7.852712273146939
traffic,7.852712273146939
form,7.852712273146939
surround,7.852712273146939
occur,7.890452601129787
stop,7.890452601129787
line,7.890452601129787
driveway,7.890452601129787
department,7.890452601129787
act,7.890452601129787
pursuant,7.890452601129787
operation,7.890452601129787
post,7.890452601129787
number,7.929673314283067
future,7.929673314283067
east,7.929673314283067
low,7.929673314283067
family,7.929673314283067
enforcement,7.970495308803323
monitoring,7.970495308803323
remove,7.970495308803323
outdoor,7.970495308803323
single,7.970495308803323
swape,7.970495308803323
acre,7.970495308803323
receive,7.970495308803323
comply,7.970495308803323
daily,7.970495308803323
survey,7.970495308803323
note,8.013054923222118
landscape,8.013054923222118
study,8.013054923222118
addition,8.013054923222118
community,8.013054923222118
garage,8.013054923222118
compliance,8.013054923222118
resident,8.013054923222118
provision,8.013054923222118
january,8.013054923222118
setback,8.013054923222118
potential,8.013054923222118
application,8.057506685792951
cp,8.057506685792951
landscaping,8.057506685792951
footage,8.057506685792951
minimum,8.057506685792951
operational,8.057506685792951
utility,8.057506685792951
commenter,8.057506685792951
notice,8.057506685792951
recommend,8.057506685792951
title,8.104026701427845
chapter,8.104026701427845
nest,8.104026701427845
business,8.104026701427845
evidence,8.104026701427845
demand,8.104026701427845
ii,8.104026701427845
soil,8.104026701427845
envision,8.104026701427845
clearance,8.104026701427845
southern,8.104026701427845
type,8.104026701427845
interior,8.104026701427845
concern,8.104026701427845
specify,8.104026701427845
park,8.104026701427845
job,8.104026701427845
offermann,8.104026701427845
rate,8.104026701427845
associate,8.104026701427845
serve,8.104026701427845
correct,8.152816865597277
program,8.152816865597277
associated,8.152816865597277
fee,8.152816865597277
regard,8.152816865597277
record,8.152816865597277
connect,8.152816865597277
analyze,8.152816865597277
specific,8.152816865597277
caleemod,8.152816865597277
box,8.152816865597277
strategy,8.152816865597277
active,8.152816865597277
model,8.152816865597277
idaho,8.204110159984829
hearing,8.204110159984829
establish,8.204110159984829
criterion,8.204110159984829
specifically,8.204110159984829
need,8.204110159984829
similar,8.204110159984829
statement,8.204110159984829
apply,8.204110159984829
plant,8.204110159984829
feature,8.258177381255104
underestimate,8.258177381255104
portion,8.258177381255104
generate,8.258177381255104
available,8.258177381255104
employee,8.258177381255104
relocation,8.258177381255104
candidate,8.258177381255104
recirculation,8.258177381255104
designate,8.258177381255104
accommodate,8.315335795095052
bay,8.315335795095052
landmarks,8.315335795095052
corner,8.315335795095052
consist,8.315335795095052
storage,8.315335795095052
exposure,8.315335795095052
request,8.315335795095052
restore,8.315335795095052
necessary,8.315335795095052
nearby,8.315335795095052
commissioner,8.315335795095052
recommendation,8.315335795095052
good,8.315335795095052
composite,8.315335795095052
mr,8.315335795095052
relocate,8.315335795095052
agreement,8.375960416911488
restaurant,8.375960416911488
attach,8.375960416911488
exterior,8.375960416911488
focus,8.375960416911488
screen,8.375960416911488
mechanical,8.375960416911488
reference,8.375960416911488
house,8.375960416911488
encourage,8.375960416911488
reply,8.375960416911488
north,8.375960416911488
person,8.375960416911488
craftsman,8.375960416911488
major,8.375960416911488
motorcycle,8.375960416911488
certify,8.375960416911488
documentation,8.375960416911488
worker,8.375960416911488
character,8.375960416911488
develop,8.375960416911488
employment,8.440498938049059
willard,8.440498938049059
define,8.440498938049059
route,8.440498938049059
rezone,8.440498938049059
wood,8.440498938049059
cover,8.440498938049059
refer,8.440498938049059
weekday,8.440498938049059
carb,8.440498938049059
create,8.440498938049059
respect,8.440498938049059
green,8.440498938049059
describe,8.440498938049059
purpose,8.440498938049059
hazard,8.440498938049059
place,8.440498938049059
adverse,8.440498938049059
adequate,8.440498938049059
additionally,8.440498938049059
iii,8.440498938049059
increase,8.440498938049059
valley,8.440498938049059
station,8.440498938049059
exceed,8.440498938049059
vehicular,8.440498938049059
connection,8.440498938049059
source,8.440498938049059
buffer,8.440498938049059
opportunity,8.440498938049059
july,8.440498938049059
treatment,8.509491809536009
evaluation,8.509491809536009
add,8.509491809536009
write,8.509491809536009
substantial,8.509491809536009
toxic,8.509491809536009
current,8.509491809536009
cumulative,8.509491809536009
description,8.509491809536009
matter,8.509491809536009
near,8.509491809536009
possible,8.509491809536009
fully,8.509491809536009
multiple,8.509491809536009
inadequate,8.509491809536009
regional,8.509491809536009
preservation,8.509491809536009
overriding,8.509491809536009
reason,8.509491809536009
forth,8.509491809536009
bird,8.509491809536009
protection,8.509491809536009
incorrect,8.509491809536009
adequately,8.583599781689731
eligible,8.583599781689731
replacement,8.583599781689731
tac,8.583599781689731
system,8.583599781689731
benefit,8.583599781689731
paint,8.583599781689731
trash,8.583599781689731
owner,8.583599781689731
power,8.583599781689731
claim,8.583599781689731
directly,8.583599781689731
designee,8.583599781689731
occupancy,8.583599781689731
accessible,8.583599781689731
wall,8.583599781689731
default,8.583599781689731
decision,8.583599781689731
year,8.583599781689731
member,8.583599781689731
center,8.583599781689731
dust,8.583599781689731
constitute,8.583599781689731
tenant,8.583599781689731
facilitate,8.583599781689731
extent,8.583599781689731
hold,8.583599781689731
sign,8.583599781689731
previously,8.583599781689731
sensitive,8.583599781689731
stage,8.66364248936327
appropriate,8.66364248936327
concentration,8.66364248936327
far,8.66364248936327
outline,8.66364248936327
raise,8.66364248936327
present,8.66364248936327
fence,8.66364248936327
union,8.66364248936327
order,8.66364248936327
determination,8.66364248936327
average,8.66364248936327
value,8.66364248936327
circulation,8.66364248936327
cultural,8.66364248936327
obtain,8.66364248936327
scope,8.66364248936327
salvage,8.66364248936327
asbestos,8.66364248936327
conduct,8.66364248936327
gas,8.66364248936327
multifamily,8.66364248936327
rely,8.66364248936327
practice,8.66364248936327
stormwater,8.66364248936327
behalf,8.66364248936327
affordable,8.66364248936327
pm,8.66364248936327
ratio,8.66364248936327
compatible,8.66364248936327
amenity,8.66364248936327
demonstrate,8.66364248936327
damage,8.66364248936327
spanish,8.66364248936327
product,8.66364248936327
publicly,8.66364248936327
effective,8.66364248936327
table,8.66364248936327
month,8.750653866352899
minimize,8.750653866352899
welfare,8.750653866352899
llp,8.750653866352899
lozeau,8.750653866352899
currently,8.750653866352899
respond,8.750653866352899
website,8.750653866352899
lighting,8.750653866352899
different,8.750653866352899
law,8.750653866352899
hour,8.750653866352899
honorable,8.750653866352899
ex,8.750653866352899
erosion,8.750653866352899
substantially,8.750653866352899
specie,8.750653866352899
entrance,8.750653866352899
length,8.750653866352899
particular,8.750653866352899
transition,8.750653866352899
drury,8.750653866352899
separate,8.750653866352899
outreach,8.750653866352899
diesel,8.750653866352899
orient,8.750653866352899
justify,8.750653866352899
question,8.750653866352899
retain,8.750653866352899
μg,8.750653866352899
april,8.750653866352899
authority,8.750653866352899
board,8.750653866352899
assembly,8.750653866352899
ask,8.750653866352899
boundary,8.750653866352899
closure,8.750653866352899
bill,8.750653866352899
certain,8.750653866352899
architectural,8.750653866352899
attractive,8.750653866352899
away,8.750653866352899
satisfaction,8.845964046157222
intersection,8.845964046157222
mitigate,8.845964046157222
reject,8.845964046157222
secretary,8.845964046157222
expose,8.845964046157222
override,8.845964046157222
explain,8.845964046157222
circulate,8.845964046157222
layout,8.845964046157222
central,8.845964046157222
share,8.845964046157222
mm,8.845964046157222
schedule,8.845964046157222
particulate,8.845964046157222
certification,8.845964046157222
road,8.845964046157222
runoff,8.845964046157222
native,8.845964046157222
appendix,8.845964046157222
disclose,8.845964046157222
method,8.845964046157222
recreational,8.845964046157222
conclusion,8.845964046157222
qualified,8.845964046157222
drainage,8.845964046157222
continue,8.845964046157222
billboard,8.845964046157222
acceptable,8.845964046157222
reasonable,8.845964046157222
government,8.845964046157222
receptor,8.845964046157222
achieve,8.845964046157222
update,8.845964046157222
footprint,8.845964046157222
du,8.845964046157222
incorporate,8.845964046157222
furthermore,8.845964046157222
division,8.845964046157222
view,8.845964046157222
inch,8.845964046157222
unsubstantiated,8.845964046157222
underground,8.845964046157222
school,8.95132456181505
potentially,8.95132456181505
direct,8.95132456181505
economic,8.95132456181505
bed,8.95132456181505
pocket,8.95132456181505
capacity,8.95132456181505
nuisance,8.95132456181505
roof,8.95132456181505
engineer,8.95132456181505
redesign,8.95132456181505
option,8.95132456181505
downtown,8.95132456181505
boulevard,8.95132456181505
orientation,8.95132456181505
rebuttal,8.95132456181505
assessment,8.95132456181505
replace,8.95132456181505
cause,8.95132456181505
party,8.95132456181505
disturb,8.95132456181505
flower,8.95132456181505
parcel,8.95132456181505
proceed,8.95132456181505
previous,8.95132456181505
human,8.95132456181505
improve,8.95132456181505
lose,8.95132456181505
longer,8.95132456181505
list,8.95132456181505
limited,8.95132456181505
datum,8.95132456181505
failure,8.95132456181505
storm,8.95132456181505
landmark,8.95132456181505
decibel,8.95132456181505
temporary,8.95132456181505
fact,8.95132456181505
iv,8.95132456181505
intensity,8.95132456181505
indicate,8.95132456181505
adjustment,8.95132456181505
individual,8.95132456181505
upper,8.95132456181505
speculative,8.95132456181505
lot,8.95132456181505
vanpool,8.95132456181505
completion,8.95132456181505
ac,8.95132456181505
ccr,8.95132456181505
map,8.95132456181505
grand,8.95132456181505
manner,8.95132456181505
amend,8.95132456181505
consistency,8.95132456181505
signal,8.95132456181505
soften,8.95132456181505
speaker,8.95132456181505
sized,8.95132456181505
inform,8.95132456181505
point,9.069107597471433
peak,9.069107597471433
inc,9.069107597471433
pd,9.069107597471433
great,9.069107597471433
habitat,9.069107597471433
figure,9.069107597471433
hear,9.069107597471433
coast,9.069107597471433
generation,9.069107597471433
presentation,9.069107597471433
pay,9.069107597471433
kiosk,9.069107597471433
input,9.069107597471433
migratory,9.069107597471433
metal,9.069107597471433
case,9.069107597471433
memo,9.069107597471433
contaminant,9.069107597471433
modification,9.069107597471433
car,9.069107597471433
considerably,9.069107597471433
magnolia,9.069107597471433
calgreen,9.069107597471433
calculate,9.069107597471433
element,9.069107597471433
certificate,9.069107597471433
end,9.069107597471433
loading,9.069107597471433
leed,9.069107597471433
originally,9.069107597471433
outside,9.069107597471433
outweigh,9.069107597471433
consultant,9.069107597471433
jet,9.069107597471433
parameter,9.069107597471433
intend,9.069107597471433
elevation,9.069107597471433
online,9.069107597471433
officer,9.069107597471433
berkeley,9.069107597471433
substantive,9.069107597471433
annexation,9.069107597471433
smartpasse,9.069107597471433
regulation,9.069107597471433
art,9.069107597471433
disturbance,9.069107597471433
supra,9.069107597471433
second,9.069107597471433
adequacy,9.069107597471433
statutory,9.069107597471433
airport,9.069107597471433
turn,9.069107597471433
unbundle,9.069107597471433
automobile,9.069107597471433
detail,9.069107597471433
southeast,9.069107597471433
user,9.069107597471433
utilization,9.069107597471433
season,9.069107597471433
seismic,9.069107597471433
resin,9.069107597471433
acceptance,9.069107597471433
responsible,9.069107597471433
detailed,9.069107597471433
proper,9.069107597471433
restrict,9.069107597471433
sewage,9.069107597471433
account,9.069107597471433
proximity,9.069107597471433
accountability,9.069107597471433
utilize,9.069107597471433
protect,9.069107597471433
surface,9.069107597471433
live,9.202638990095956
excavation,9.202638990095956
long,9.202638990095956
etc,9.202638990095956
sic,9.202638990095956
copy,9.202638990095956
march,9.202638990095956
afford,9.202638990095956
cbia,9.202638990095956
middle,9.202638990095956
september,9.202638990095956
mile,9.202638990095956
developer,9.202638990095956
manager,9.202638990095956
shade,9.202638990095956
lane,9.202638990095956
light,9.202638990095956
friendly,9.202638990095956
window,9.202638990095956
white,9.202638990095956
credit,9.202638990095956
concept,9.202638990095956
hazardous,9.202638990095956
combine,9.202638990095956
ust,9.202638990095956
urbanized,9.202638990095956
unsubstantiate,9.202638990095956
truck,9.202638990095956
industrial,9.202638990095956
instal,9.202638990095956
install,9.202638990095956
dedication,9.202638990095956
ton,9.202638990095956
expressly,9.202638990095956
term,9.202638990095956
ta,9.202638990095956
supreme,9.202638990095956
language,9.202638990095956
expect,9.202638990095956
large,9.202638990095956
subsurface,9.202638990095956
legal,9.202638990095956
like,9.202638990095956
carry,9.202638990095956
compute,9.202638990095956
mld,9.202638990095956
revision,9.202638990095956
output,9.202638990095956
overestimate,9.202638990095956
emphasis,9.202638990095956
repair,9.202638990095956
emit,9.202638990095956
assume,9.202638990095956
blue,9.202638990095956
reiterate,9.202638990095956
revival,9.202638990095956
carpool,9.202638990095956
blanco,9.202638990095956
pave,9.202638990095956
auto,9.202638990095956
drain,9.202638990095956
pp,9.202638990095956
promote,9.202638990095956
dwelling,9.202638990095956
professional,9.202638990095956
primary,9.202638990095956
elevator,9.202638990095956
official,9.202638990095956
rehabilitation,9.202638990095956
diridon,9.202638990095956
screening,9.202638990095956
rooftop,9.202638990095956
engineering,9.202638990095956
multi,9.202638990095956
contaminate,9.202638990095956
sampling,9.202638990095956
convert,9.202638990095956
maira,9.356789669923213
historical,9.356789669923213
home,9.356789669923213
quantity,9.356789669923213
rail,9.356789669923213
range,9.356789669923213
collectively,9.356789669923213
immediately,9.356789669923213
close,9.356789669923213
importantly,9.356789669923213
plane,9.356789669923213
clearly,9.356789669923213
approach,9.356789669923213
placement,9.356789669923213
iho,9.356789669923213
begin,9.356789669923213
pollution,9.356789669923213
rapid,9.356789669923213
zelkova,9.356789669923213
component,9.356789669923213
formally,9.356789669923213
free,9.356789669923213
secure,9.356789669923213
absent,9.356789669923213
mmrp,9.356789669923213
company,9.356789669923213
glass,9.356789669923213
whichever,9.356789669923213
prevent,9.356789669923213
warrant,9.356789669923213
walkway,9.356789669923213
haul,9.356789669923213
preparation,9.356789669923213
monday,9.356789669923213
violation,9.356789669923213
hexagon,9.356789669923213
inclusion,9.356789669923213
unable,9.356789669923213
perform,9.356789669923213
sufficient,9.356789669923213
overall,9.356789669923213
reside,9.356789669923213
revocable,9.356789669923213
ornithologist,9.356789669923213
respectively,9.356789669923213
organic,9.356789669923213
net,9.356789669923213
studio,9.356789669923213
strengthen,9.356789669923213
revise,9.356789669923213
stevens,9.356789669923213
operate,9.356789669923213
situate,9.356789669923213
american,9.356789669923213
odor,9.356789669923213
reuse,9.356789669923213
inconsistency,9.356789669923213
process,9.356789669923213
sunday,9.356789669923213
majority,9.356789669923213
reasonably,9.356789669923213
redevelop,9.356789669923213
transparent,9.356789669923213
seventh,9.356789669923213
pass,9.356789669923213
integrate,9.356789669923213
martial,9.356789669923213
attend,9.356789669923213
testimony,9.356789669923213
irrigation,9.356789669923213
participation,9.356789669923213
atcm,9.356789669923213
calculation,9.356789669923213
pad,9.356789669923213
superior,9.356789669923213
saturday,9.356789669923213
privately,9.356789669923213
ab,9.356789669923213
electrical,9.356789669923213
deposit,9.356789669923213
earthwork,9.356789669923213
environmentally,9.356789669923213
daylight,9.356789669923213
conclude,9.356789669923213
conflict,9.356789669923213
drive,9.356789669923213
eventually,9.356789669923213
demolish,9.356789669923213
expert,9.356789669923213
essentially,9.356789669923213
creek,9.356789669923213
dot,9.356789669923213
coordinate,9.356789669923213
creation,9.356789669923213
physically,9.539111226717168
investigate,9.539111226717168
david,9.539111226717168
photo,9.539111226717168
summer,9.539111226717168
leg,9.539111226717168
sketch,9.539111226717168
lbs,9.539111226717168
police,9.539111226717168
sewer,9.539111226717168
sf,9.539111226717168
affect,9.539111226717168
existence,9.539111226717168
debris,9.539111226717168
plum,9.539111226717168
interstate,9.539111226717168
kind,9.539111226717168
subterranean,9.539111226717168
laborer,9.539111226717168
lack,9.539111226717168
unknown,9.539111226717168
jeopardize,9.539111226717168
eastern,9.539111226717168
dangerous,9.539111226717168
international,9.539111226717168
stepback,9.539111226717168
produce,9.539111226717168
visible,9.539111226717168
procedure,9.539111226717168
impair,9.539111226717168
stockpile,9.539111226717168
dwarf,9.539111226717168
attain,9.539111226717168
related,9.539111226717168
sawleaf,9.539111226717168
inclusive,9.539111226717168
vi,9.539111226717168
airborne,9.539111226717168
incorporated,9.539111226717168
satisfy,9.539111226717168
face,9.539111226717168
attachment,9.539111226717168
faa,9.539111226717168
settlement,9.539111226717168
clean,9.539111226717168
dist,9.539111226717168
sanitary,9.539111226717168
structural,9.539111226717168
insignificant,9.539111226717168
inspection,9.539111226717168
basic,9.539111226717168
intensification,9.539111226717168
chimney,9.539111226717168
subdivision,9.539111226717168
extend,9.539111226717168
lieu,9.539111226717168
linden,9.539111226717168
lifetime,9.539111226717168
card,9.539111226717168
monitor,9.539111226717168
dispose,9.539111226717168
osha,9.539111226717168
moral,9.539111226717168
motion,9.539111226717168
dedicated,9.539111226717168
cantrell,9.539111226717168
border,9.539111226717168
organization,9.539111226717168
nahc,9.539111226717168
discretion,9.539111226717168
deem,9.539111226717168
contamination,9.539111226717168
sweet,9.539111226717168
oral,9.539111226717168
coroner,9.539111226717168
enhance,9.539111226717168
newly,9.539111226717168
onsite,9.539111226717168
notify,9.539111226717168
convenient,9.539111226717168
brisbane,9.539111226717168
text,9.539111226717168
testing,9.539111226717168
discussion,9.539111226717168
offer,9.539111226717168
terrace,9.539111226717168
restoration,9.539111226717168
occupiable,9.539111226717168
task,9.539111226717168
care,9.539111226717168
discover,9.539111226717168
shower,9.539111226717168
duly,9.539111226717168
cherry,9.539111226717168
represent,9.539111226717168
litteleaf,9.539111226717168
biological,9.539111226717168
aesthetically,9.539111226717168
courtyard,9.539111226717168
peace,9.539111226717168
locker,9.539111226717168
counterbalance,9.539111226717168
unacceptable,9.539111226717168
electric,9.539111226717168
loquat,9.539111226717168
loss,9.539111226717168
rog,9.539111226717168
considerable,9.539111226717168
maidenhair,9.539111226717168
equivalent,9.539111226717168
error,9.539111226717168
suspend,9.539111226717168
rich,9.539111226717168
panel,9.539111226717168
elm,9.539111226717168
life,9.539111226717168
shoring,9.539111226717168
blight,9.539111226717168
discharge,9.539111226717168
particularly,9.539111226717168
assign,9.539111226717168
twice,9.539111226717168
maintenance,9.539111226717168
meaningful,9.539111226717168
visual,9.539111226717168
bronze,9.539111226717168
feasibly,9.539111226717168
walkable,9.539111226717168
stairwell,9.539111226717168
federal,9.539111226717168
harmonious,9.539111226717168
raptor,9.539111226717168
vote,9.539111226717168
proposal,9.539111226717168
cumulatively,9.539111226717168
availability,9.539111226717168
fire,9.539111226717168
america,9.539111226717168
winter,9.539111226717168
redevelopment,9.539111226717168
framework,9.539111226717168
foundation,9.539111226717168
recreation,9.539111226717168
selection,9.539111226717168
regulate,9.539111226717168
ancillary,9.539111226717168
horizon,9.539111226717168
recreate,9.539111226717168
fifth,9.539111226717168
recognize,9.539111226717168
archaeologist,9.539111226717168
fiscal,9.539111226717168
horseshoe,9.539111226717168
walk,9.539111226717168
quantify,9.539111226717168
contribution,9.539111226717168
accolade,9.539111226717168
specification,9.539111226717168
flexibility,9.539111226717168
reconfiguration,9.539111226717168
refuse,9.539111226717168
crosswalk,9.539111226717168
width,9.762254778031378
representative,9.762254778031378
electrolier,9.762254778031378
pavement,9.762254778031378
exception,9.762254778031378
consolidate,9.762254778031378
gassing,9.762254778031378
reclaim,9.762254778031378
compare,9.762254778031378
anticipate,9.762254778031378
contribute,9.762254778031378
mani,9.762254778031378
lta,9.762254778031378
pathway,9.762254778031378
abstain,9.762254778031378
willow,9.762254778031378
deprive,9.762254778031378
ulef,9.762254778031378
typo,9.762254778031378
exacerbate,9.762254778031378
typically,9.762254778031378
authorize,9.762254778031378
man,9.762254778031378
comparison,9.762254778031378
volume,9.762254778031378
litter,9.762254778031378
acms,9.762254778031378
physical,9.762254778031378
unnecessary,9.762254778031378
university,9.762254778031378
achievement,9.762254778031378
grant,9.762254778031378
christopher,9.762254778031378
reactive,9.762254778031378
read,9.762254778031378
abut,9.762254778031378
conservatively,9.762254778031378
legislature,9.762254778031378
choose,9.762254778031378
chinese,9.762254778031378
leverage,9.762254778031378
supportive,9.762254778031378
license,9.762254778031378
real,9.762254778031378
realistic,9.762254778031378
realm,9.762254778031378
exhaust,9.762254778031378
undertake,9.762254778031378
undergrounde,9.762254778031378
assistance,9.762254778031378
crepe,9.762254778031378
depot,9.762254778031378
dirt,9.762254778031378
execute,9.762254778031378
pende,9.762254778031378
blackwood,9.762254778031378
generator,9.762254778031378
unidentified,9.762254778031378
contingency,9.762254778031378
able,9.762254778031378
roadway,9.762254778031378
boxelder,9.762254778031378
appearance,9.762254778031378
comprise,9.762254778031378
discretionary,9.762254778031378
abate,9.762254778031378
fireplace,9.762254778031378
breed,9.762254778031378
yard,9.762254778031378
today,9.762254778031378
negative,9.762254778031378
assert,9.762254778031378
enter,9.762254778031378
national,9.762254778031378
naf,9.762254778031378
forego,9.762254778031378
myrtle,9.762254778031378
encroachment,9.762254778031378
referenced,9.762254778031378
cross,9.762254778031378
flood,9.762254778031378
refrain,9.762254778031378
critical,9.762254778031378
bureau,9.762254778031378
signage,9.762254778031378
nonresidential,9.762254778031378
thousand,9.762254778031378
notification,9.762254778031378
advance,9.762254778031378
burton,9.762254778031378
notate,9.762254778031378
energy,9.762254778031378
bush,9.762254778031378
firethorn,9.762254778031378
mark,9.762254778031378
select,9.762254778031378
register,9.762254778031378
decrease,9.762254778031378
pacific,9.762254778031378
emergency,9.762254778031378
mention,9.762254778031378
travel,9.762254778031378
treanor,9.762254778031378
friday,9.762254778031378
amtrak,9.762254778031378
measurement,9.762254778031378
acquire,9.762254778031378
wise,9.762254778031378
parkland,9.762254778031378
eliminate,9.762254778031378
shield,9.762254778031378
expand,9.762254778031378
caltrain,9.762254778031378
reconstruction,9.762254778031378
equal,9.762254778031378
mud,9.762254778031378
ms,9.762254778031378
ornelas,9.762254778031378
adjust,9.762254778031378
entitle,9.762254778031378
modify,9.762254778031378
consultation,9.762254778031378
residual,9.762254778031378
francisco,9.762254778031378
dedicate,9.762254778031378
minute,9.762254778031378
contiguous,9.762254778031378
oversight,9.762254778031378
australian,9.762254778031378
container,9.762254778031378
lardinois,9.762254778031378
medium,9.762254778031378
weekend,9.762254778031378
atienza,9.762254778031378
infill,9.762254778031378
vegetation,9.762254778031378
prune,9.762254778031378
hereto,9.762254778031378
strictly,9.762254778031378
apple,9.762254778031378
assumption,9.762254778031378
accurately,9.762254778031378
background,9.762254778031378
confirm,9.762254778031378
sand,9.762254778031378
instance,9.762254778031378
conceptual,9.762254778031378
crack,9.762254778031378
ace,9.762254778031378
integrity,9.762254778031378
extended,9.762254778031378
intent,9.762254778031378
association,9.762254778031378
potato,9.762254778031378
clause,9.762254778031378
interpret,9.762254778031378
pose,9.762254778031378
introduce,9.762254778031378
dense,9.762254778031378
inventoried,9.762254778031378
industry,9.762254778031378
agricultural,9.762254778031378
approving,9.762254778031378
distribute,9.762254778031378
align,9.762254778031378
correspond,9.762254778031378
feasibility,9.762254778031378
concrete,9.762254778031378
scale,9.762254778031378
contractor,9.762254778031378
accord,9.762254778031378
important,9.762254778031378
impose,9.762254778031378
viji,9.762254778031378
start,9.762254778031378
alec,9.762254778031378
inadequacy,9.762254778031378
investigation,9.762254778031378
inadequately,9.762254778031378
vibratory,9.762254778031378
bart,9.762254778031378
clearinghouse,9.762254778031378
hl,9.762254778031378
history,9.762254778031378
factor,9.762254778031378
relevant,9.762254778031378
social,9.762254778031378
curb,9.762254778031378
presence,9.762254778031378
clear,9.762254778031378
vertical,9.762254778031378
independent,9.762254778031378
early,9.762254778031378
submittal,9.762254778031378
prc,9.762254778031378
draw,9.762254778031378
cite,9.762254778031378
pollutant,9.762254778031378
guidance,9.762254778031378
explore,9.762254778031378
circumference,9.762254778031378
safe,9.762254778031378
landowner,9.762254778031378
jurisdiction,9.762254778031378
circumstance,9.762254778031378
jacaranda,9.762254778031378
expiration,9.762254778031378
greyhound,9.762254778031378
plywood,9.762254778031378
gross,9.762254778031378
spread,9.762254778031378
landscaped,9.762254778031378
subsequent,9.762254778031378
planner,9.762254778031378
commencement,9.762254778031378
involve,9.762254778031378
cost,9.762254778031378
know,9.762254778031378
plumbing,9.762254778031378
attorney,10.049936850483158
encounter,10.049936850483158
fish,10.049936850483158
apn,10.049936850483158
planting,10.049936850483158
readable,10.049936850483158
stanislaus,10.049936850483158
recent,10.049936850483158
depth,10.049936850483158
taber,10.049936850483158
outbound,10.049936850483158
prescribe,10.049936850483158
rectify,10.049936850483158
southwest,10.049936850483158
resolve,10.049936850483158
count,10.049936850483158
pleasant,10.049936850483158
plazas,10.049936850483158
original,10.049936850483158
anti,10.049936850483158
tank,10.049936850483158
tacs,10.049936850483158
play,10.049936850483158
advertise,10.049936850483158
planter,10.049936850483158
storefront,10.049936850483158
attest,10.049936850483158
disease,10.049936850483158
smart,10.049936850483158
telephone,10.049936850483158
properly,10.049936850483158
regionwide,10.049936850483158
step,10.049936850483158
stewardship,10.049936850483158
reach,10.049936850483158
signalize,10.049936850483158
refund,10.049936850483158
smartpass,10.049936850483158
dry,10.049936850483158
pile,10.049936850483158
sni,10.049936850483158
prohibit,10.049936850483158
oliverio,10.049936850483158
alter,10.049936850483158
duty,10.049936850483158
bike,10.049936850483158
suburban,10.049936850483158
orange,10.049936850483158
dwell,10.049936850483158
replant,10.049936850483158
automotive,10.049936850483158
opinion,10.049936850483158
principle,10.049936850483158
adversely,10.049936850483158
suggest,10.049936850483158
appeal,10.049936850483158
disqualify,10.049936850483158
stock,10.049936850483158
priority,10.049936850483158
stipulate,10.049936850483158
bascom,10.049936850483158
bollard,10.049936850483158
advise,10.049936850483158
distribution,10.049936850483158
engage,10.049936850483158
pound,10.049936850483158
speak,10.049936850483158
blank,10.049936850483158
particleboard,10.049936850483158
avoidance,10.049936850483158
aerial,10.049936850483158
structured,10.049936850483158
renovation,10.049936850483158
res,10.049936850483158
alternatively,10.049936850483158
door,10.049936850483158
agree,10.049936850483158
ppv,10.049936850483158
people,10.049936850483158
corridor,10.049936850483158
block,10.049936850483158
continuation,10.049936850483158
render,10.049936850483158
americans,10.049936850483158
sq,10.049936850483158
recess,10.049936850483158
payment,10.049936850483158
dog,10.049936850483158
path,10.049936850483158
past,10.049936850483158
quickly,10.049936850483158
subds,10.049936850483158
poppy,10.049936850483158
queueing,10.049936850483158
st,10.049936850483158
speculate,10.049936850483158
possibility,10.049936850483158
bear,10.049936850483158
subsidize,10.049936850483158
ample,10.049936850483158
dnl,10.049936850483158
parallel,10.049936850483158
binder,10.049936850483158
recordation,10.049936850483158
emitting,10.049936850483158
overridden,10.049936850483158
sv,10.049936850483158
sweeper,10.049936850483158
permanently,10.049936850483158
recovery,10.049936850483158
distance,10.049936850483158
assess,10.049936850483158
employ,10.049936850483158
bind,10.049936850483158
contrast,10.049936850483158
enable,10.049936850483158
backup,10.049936850483158
sustainability,10.049936850483158
strip,10.049936850483158
preferable,10.049936850483158
dosage,10.049936850483158
reasoning,10.049936850483158
paleontologist,10.049936850483158
regulatory,10.049936850483158
alternate,10.049936850483158
edge,10.049936850483158
aye,10.049936850483158
deposition,10.049936850483158
effort,10.049936850483158
pre,10.049936850483158
embodiment,10.049936850483158
package,10.049936850483158
stairwells,10.049936850483158
ownership,10.049936850483158
bmp,10.049936850483158
pub,10.049936850483158
supply,10.049936850483158
apartment,10.049936850483158
supervise,10.049936850483158
criticize,10.049936850483158
aspect,10.049936850483158
inbound,10.049936850483158
fall,10.049936850483158
vicinity,10.049936850483158
custodian,10.049936850483158
vii,10.049936850483158
viii,10.049936850483158
conditional,10.049936850483158
importance,10.049936850483158
climate,10.049936850483158
clipper,10.049936850483158
farm,10.049936850483158
villas,10.049936850483158
immediate,10.049936850483158
illingworth,10.049936850483158
incentive,10.049936850483158
sch,10.049936850483158
accomplish,10.049936850483158
idle,10.049936850483158
cmc,10.049936850483158
accompany,10.049936850483158
vocs,10.049936850483158
volatile,10.049936850483158
hydromodification,10.049936850483158
voltage,10.049936850483158
coat,10.049936850483158
horizontal,10.049936850483158
holiday,10.049936850483158
collection,10.049936850483158
aq,10.049936850483158
war,10.049936850483158
façade,10.049936850483158
customer,10.049936850483158
vibrate,10.049936850483158
inclusionary,10.049936850483158
express,10.049936850483158
urea,10.049936850483158
argument,10.049936850483158
sam,10.049936850483158
interrelationship,10.049936850483158
occupy,10.049936850483158
interim,10.049936850483158
interference,10.049936850483158
interface,10.049936850483158
interested,10.049936850483158
intercept,10.049936850483158
inter,10.049936850483158
intensive,10.049936850483158
extension,10.049936850483158
danger,10.049936850483158
institutional,10.049936850483158
conventional,10.049936850483158
inconsistent,10.049936850483158
conduit,10.049936850483158
detrimental,10.049936850483158
dimension,10.049936850483158
indirectly,10.049936850483158
ventilate,10.049936850483158
highway,10.049936850483158
cut,10.049936850483158
variety,10.049936850483158
informed,10.049936850483158
infrastructure,10.049936850483158
initiation,10.049936850483158
innovative,10.049936850483158
inspect,10.049936850483158
determined,10.049936850483158
color,10.049936850483158
heritage,10.049936850483158
hereof,10.049936850483158
gateway,10.049936850483158
gate,10.049936850483158
scvhp,10.049936850483158
wildlife,10.049936850483158
wind,10.049936850483158
complaint,10.049936850483158
convey,10.049936850483158
finally,10.049936850483158
functional,10.049936850483158
complementary,10.049936850483158
sec,10.049936850483158
ft,10.049936850483158
dictate,10.049936850483158
workforce,10.049936850483158
freeboard,10.049936850483158
conceal,10.049936850483158
world,10.049936850483158
zero,10.049936850483158
floodplain,10.049936850483158
seir,10.049936850483158
diagram,10.049936850483158
computation,10.049936850483158
foremost,10.049936850483158
generally,10.049936850483158
formal,10.049936850483158
diameter,10.049936850483158
compliant,10.049936850483158
fossil,10.049936850483158
writing,10.049936850483158
fourteen,10.049936850483158
wrap,10.049936850483158
formation,10.049936850483158
clarify,10.049936850483158
filter,10.049936850483158
geology,10.049936850483158
help,10.049936850483158
combination,10.049936850483158
heavy,10.049936850483158
heating,10.049936850483158
heart,10.049936850483158
come,10.049936850483158
headway,10.049936850483158
waste,10.049936850483158
wastewater,10.049936850483158
cupertino,10.049936850483158
hardwood,10.049936850483158
acceptably,10.049936850483158
arborist,10.049936850483158
architect,10.049936850483158
habs,10.049936850483158
fiberboard,10.049936850483158
group,10.049936850483158
abuse,10.049936850483158
wholly,10.049936850483158
ghg,10.049936850483158
fill,10.049936850483158
goleta,10.049936850483158
commute,10.049936850483158
widen,10.049936850483158
communication,10.049936850483158
grass,10.049936850483158
weigh,10.049936850483158
communal,10.049936850483158
greenhouse,10.049936850483158
accept,10.049936850483158
groundwater,10.049936850483158
graffiti,10.049936850483158
upgrade,10.049936850483158
dark,10.049936850483158
ix,10.049936850483158
adjoin,10.049936850483158
mobility,10.049936850483158
mobile,10.049936850483158
entry,10.049936850483158
trail,10.049936850483158
envt,10.049936850483158
epa,10.049936850483158
training,10.049936850483158
eq,10.049936850483158
catalyze,10.049936850483158
minimal,10.049936850483158
mgmt,10.049936850483158
methodology,10.049936850483158
especially,10.049936850483158
mode,10.049936850483158
meridian,10.049936850483158
merely,10.049936850483158
articulation,10.049936850483158
cc,10.049936850483158
soon,10.049936850483158
ridership,10.049936850483158
rigorous,10.049936850483158
mean,10.049936850483158
connectivity,10.049936850483158
maximally,10.049936850483158
true,10.049936850483158
match,10.049936850483158
mass,10.049936850483158
declaration,10.049936850483158
ev,10.049936850483158
shortcome,10.049936850483158
manufacturer,10.049936850483158
entitlement,10.049936850483158
traditional,10.049936850483158
builder,10.049936850483158
obligation,10.049936850483158
object,10.049936850483158
appear,10.049936850483158
engine,10.049936850483158
noticing,10.049936850483158
northwest,10.049936850483158
sight,10.049936850483158
tie,10.049936850483158
busy,10.049936850483158
nitrogen,10.049936850483158
tier,10.049936850483158
administrative,10.049936850483158
timeframe,10.049936850483158
carcinogenic,10.049936850483158
caballero,10.049936850483158
sediment,10.049936850483158
todorov,10.049936850483158
toni,10.049936850483158
natural,10.049936850483158
mutually,10.049936850483158
torrens,10.049936850483158
entire,10.049936850483158
mullion,10.049936850483158
totaling,10.049936850483158
shrub,10.049936850483158
tower,10.049936850483158
tph,10.049936850483158
track,10.049936850483158
revitalize,10.049936850483158
tire,10.049936850483158
manufacture,10.049936850483158
region,10.049936850483158
rock,10.049936850483158
june,10.049936850483158
underestimated,10.049936850483158
despite,10.049936850483158
kern,10.049936850483158
key,10.049936850483158
understanding,10.049936850483158
child,10.049936850483158
underutilize,10.049936850483158
arrangement,10.049936850483158
kick,10.049936850483158
acoustical,10.049936850483158
liccardo,10.049936850483158
choice,10.049936850483158
acknowledge,10.049936850483158
shaft,10.049936850483158
consequence,10.049936850483158
leave,10.049936850483158
lastly,10.049936850483158
rule,10.049936850483158
run,10.049936850483158
expire,10.049936850483158
king,10.049936850483158
unsignalize,10.049936850483158
conveniently,10.049936850483158
unreasonably,10.049936850483158
landfill,10.049936850483158
shape,10.049936850483158
link,10.049936850483158
check,10.049936850483158
dba,10.049936850483158
rodkin,10.049936850483158
ultimately,10.049936850483158
arise,10.049936850483158
excavate,10.049936850483158
sheet,10.049936850483158
loose,10.049936850483158
excerpt,10.049936850483158
civil,10.049936850483158
excess,10.049936850483158
llc,10.049936850483158
joint,10.049936850483158
citywide,10.049936850483158
destruction,10.049936850483158
logistic,10.049936850483158
chain,10.049936850483158
rolling,10.049936850483158
disability,10.049936850483158
citizen,10.049936850483158
lobby,10.049936850483158
load,10.049936850483158
desirable,10.049936850483158
judicial,10.049936850483158
app,10.455401958591324
severity,10.455401958591324
correction,10.455401958591324
copper,10.455401958591324
conveyance,10.455401958591324
deputy,10.455401958591324
slope,10.455401958591324
seek,10.455401958591324
significantly,10.455401958591324
self,10.455401958591324
silt,10.455401958591324
shell,10.455401958591324
separately,10.455401958591324
correctly,10.455401958591324
sodium,10.455401958591324
sentive,10.455401958591324
sensitivity,10.455401958591324
serrata,10.455401958591324
descendant,10.455401958591324
sit,10.455401958591324
short,10.455401958591324
soi,10.455401958591324
shortly,10.455401958591324
sense,10.455401958591324
shake,10.455401958591324
small,10.455401958591324
simple,10.455401958591324
similarly,10.455401958591324
correlate,10.455401958591324
send,10.455401958591324
coordination,10.455401958591324
skill,10.455401958591324
severe,10.455401958591324
slab,10.455401958591324
shut,10.455401958591324
shop,10.455401958591324
administration,10.455401958591324
sonoma,10.455401958591324
underestimation,10.455401958591324
december,10.455401958591324
undetermined,10.455401958591324
unique,10.455401958591324
unoccupied,10.455401958591324
unpaved,10.455401958591324
unroofed,10.455401958591324
unstudied,10.455401958591324
dead,10.455401958591324
unsupporte,10.455401958591324
unsupported,10.455401958591324
unusual,10.455401958591324
coverage,10.455401958591324
usd,10.455401958591324
acetate,10.455401958591324
acknowledgement,10.455401958591324
uncritically,10.455401958591324
uncertainty,10.455401958591324
unavailability,10.455401958591324
treat,10.455401958591324
activate,10.455401958591324
treaty,10.455401958591324
acreage,10.455401958591324
trench,10.455401958591324
trim,10.455401958591324
declare,10.455401958591324
vacuum,10.455401958591324
try,10.455401958591324
tunnel,10.455401958591324
turnover,10.455401958591324
ulmus,10.455401958591324
ulta,10.455401958591324
ultra,10.455401958591324
decisionmaking,10.455401958591324
unaddressed,10.455401958591324
tune,10.455401958591324
actual,10.455401958591324
valid,10.455401958591324
validated,10.455401958591324
webpage,10.455401958591324
western,10.455401958591324
wet,10.455401958591324
culture,10.455401958591324
wildland,10.455401958591324
cubic,10.455401958591324
withstand,10.455401958591324
abide,10.455401958591324
abatement,10.455401958591324
wrong,10.455401958591324
xi,10.455401958591324
xii,10.455401958591324
yes,10.455401958591324
yorty,10.455401958591324
young,10.455401958591324
weatherize,10.455401958591324
weather,10.455401958591324
wash,10.455401958591324
warranty,10.455401958591324
validity,10.455401958591324
accurate,10.455401958591324
craftsmanship,10.455401958591324
vault,10.455401958591324
accrue,10.455401958591324
vera,10.455401958591324
verify,10.455401958591324
validate,10.455401958591324
vertebrate,10.455401958591324
vibrant,10.455401958591324
vineyard,10.455401958591324
curriculum,10.455401958591324
visibility,10.455401958591324
vision,10.455401958591324
vitae,10.455401958591324
accessibility,10.455401958591324
vest,10.455401958591324
soldier,10.455401958591324
ada,10.455401958591324
adhere,10.455401958591324
streetscape,10.455401958591324
deny,10.455401958591324
stress,10.455401958591324
strong,10.455401958591324
strongly,10.455401958591324
aggregate,10.455401958591324
age,10.455401958591324
affected,10.455401958591324
counsel,10.455401958591324
sufficiently,10.455401958591324
suitable,10.455401958591324
sum,10.455401958591324
summarize,10.455401958591324
summary,10.455401958591324
sunol,10.455401958591324
correspondence,10.455401958591324
alarm,10.455401958591324
depend,10.455401958591324
alert,10.455401958591324
sound,10.455401958591324
angeles,10.455401958591324
analytical,10.455401958591324
soy,10.455401958591324
specialist,10.455401958591324
ambient,10.455401958591324
speciman,10.455401958591324
del,10.455401958591324
amador,10.455401958591324
stamp,10.455401958591324
stand,10.455401958591324
alteration,10.455401958591324
allowable,10.455401958591324
statute,10.455401958591324
depict,10.455401958591324
dependent,10.455401958591324
stair,10.455401958591324
translate,10.455401958591324
supervisor,10.455401958591324
degree,10.455401958591324
advent,10.455401958591324
courtesy,10.455401958591324
defacement,10.455401958591324
theoretical,10.455401958591324
thereof,10.455401958591324
thereunder,10.455401958591324
thing,10.455401958591324
thwart,10.455401958591324
timeline,10.455401958591324
timely,10.455401958591324
timing,10.455401958591324
tool,10.455401958591324
topic,10.455401958591324
tow,10.455401958591324
tract,10.455401958591324
deference,10.455401958591324
technique,10.455401958591324
team,10.455401958591324
tax,10.455401958591324
surcharge,10.455401958591324
definition,10.455401958591324
aesthetic,10.455401958591324
surveyor,10.455401958591324
suspect,10.455401958591324
suspension,10.455401958591324
ae,10.455401958591324
supplement,10.455401958591324
sweep,10.455401958591324
swinge,10.455401958591324
course,10.455401958591324
advertisement,10.455401958591324
tag,10.455401958591324
tall,10.455401958591324
tamper,10.455401958591324
tarp,10.455401958591324
sweeping,10.455401958591324
seeding,10.455401958591324
fixture,10.455401958591324
security,10.455401958591324
likewise,10.455401958591324
chief,10.455401958591324
exemption,10.455401958591324
linear,10.455401958591324
execution,10.455401958591324
chemical,10.455401958591324
excessive,10.455401958591324
characteristic,10.455401958591324
locality,10.455401958591324
chamber,10.455401958591324
locating,10.455401958591324
longitude,10.455401958591324
los,10.455401958591324
exceedance,10.455401958591324
example,10.455401958591324
main,10.455401958591324
certainty,10.455401958591324
examine,10.455401958591324
exactly,10.455401958591324
maker,10.455401958591324
century,10.455401958591324
manford,10.455401958591324
constraint,10.455401958591324
likely,10.455401958591324
estimator,10.455401958591324
exercise,10.455401958591324
lie,10.455401958591324
inyo,10.455401958591324
irrevocable,10.455401958591324
clarita,10.455401958591324
ite,10.455401958591324
jack,10.455401958591324
jackhammer,10.455401958591324
clarification,10.455401958591324
jeffrey,10.455401958591324
joaquin,10.455401958591324
joe,10.455401958591324
judgement,10.455401958591324
explanation,10.455401958591324
la,10.455401958591324
landlocke,10.455401958591324
cih,10.455401958591324
experience,10.455401958591324
late,10.455401958591324
latitude,10.455401958591324
laurel,10.455401958591324
cigarette,10.455401958591324
legacy,10.455401958591324
legally,10.455401958591324
lid,10.455401958591324
lifts,10.455401958591324
mat,10.455401958591324
construe,10.455401958591324
matt,10.455401958591324
entirely,10.455401958591324
museum,10.455401958591324
enterprise,10.455401958591324
nature,10.455401958591324
navigation,10.455401958591324
calibration,10.455401958591324
enjoy,10.455401958591324
cabinetry,10.455401958591324
neighborhoods,10.455401958591324
neshap,10.455401958591324
nestle,10.455401958591324
butts,10.455401958591324
news,10.455401958591324
newspaper,10.455401958591324
nexus,10.455401958591324
night,10.455401958591324
bust,10.455401958591324
normal,10.455401958591324
burn,10.455401958591324
burlap,10.455401958591324
numeric,10.455401958591324
numerically,10.455401958591324
numerous,10.455401958591324
entirety,10.455401958591324
mover,10.455401958591324
carbon,10.455401958591324
morton,10.455401958591324
cdph,10.455401958591324
cdfw,10.455401958591324
cd,10.455401958591324
mechanic,10.455401958591324
establishe,10.455401958591324
median,10.455401958591324
mediation,10.455401958591324
mei,10.455401958591324
consult,10.455401958591324
memorialize,10.455401958591324
memory,10.455401958591324
invite,10.455401958591324
merge,10.455401958591324
methylene,10.455401958591324
mineral,10.455401958591324
misleading,10.455401958591324
misrepresent,10.455401958591324
mistaken,10.455401958591324
consulting,10.455401958591324
modal,10.455401958591324
montanez,10.455401958591324
monte,10.455401958591324
monterey,10.455401958591324
carcinogen,10.455401958591324
esls,10.455401958591324
inventorie,10.455401958591324
interval,10.455401958591324
internal,10.455401958591324
geological,10.455401958591324
geometric,10.455401958591324
geotechnical,10.455401958591324
glaze,10.455401958591324
glue,10.455401958591324
compaction,10.455401958591324
govern,10.455401958591324
filing,10.455401958591324
graphic,10.455401958591324
grave,10.455401958591324
field,10.455401958591324
commonly,10.455401958591324
commit,10.455401958591324
guarantee,10.455401958591324
hagemann,10.455401958591324
handle,10.455401958591324
hanford,10.455401958591324
fiber,10.455401958591324
commence,10.455401958591324
fema,10.455401958591324
hereinafter,10.455401958591324
hire,10.455401958591324
historian,10.455401958591324
finalize,10.455401958591324
garbage,10.455401958591324
compensate,10.455401958591324
gap,10.455401958591324
flaw,10.455401958591324
fleet,10.455401958591324
flooding,10.455401958591324
flora,10.455401958591324
flow,10.455401958591324
compound,10.455401958591324
force,10.455401958591324
complie,10.455401958591324
finish,10.455401958591324
formula,10.455401958591324
foster,10.455401958591324
features,10.455401958591324
fourth,10.455401958591324
francis,10.455401958591324
friable,10.455401958591324
concede,10.455401958591324
financial,10.455401958591324
fuel,10.455401958591324
fulfill,10.455401958591324
furnish,10.455401958591324
furth,10.455401958591324
furthest,10.455401958591324
galante,10.455401958591324
game,10.455401958591324
frame,10.455401958591324
oak,10.455401958591324
conclusory,10.455401958591324
collect,10.455401958591324
incorporation,10.455401958591324
cleanup,10.455401958591324
independently,10.455401958591324
index,10.455401958591324
cone,10.455401958591324
cleaning,10.455401958591324
infant,10.455401958591324
infeasible,10.455401958591324
inflate,10.455401958591324
extra,10.455401958591324
informational,10.455401958591324
initial,10.455401958591324
initiative,10.455401958591324
inlet,10.455401958591324
innovation,10.455401958591324
external,10.455401958591324
installation,10.455401958591324
instead,10.455401958591324
instruction,10.455401958591324
insufficient,10.455401958591324
insurance,10.455401958591324
extensively,10.455401958591324
interest,10.455401958591324
incomplete,10.455401958591324
factual,10.455401958591324
incidental,10.455401958591324
condominium,10.455401958591324
horsepower,10.455401958591324
cnty,10.455401958591324
hundredth,10.455401958591324
hydrocarbon,10.455401958591324
hydrology,10.455401958591324
hygienist,10.455401958591324
cn,10.455401958591324
identical,10.455401958591324
identification,10.455401958591324
identifie,10.455401958591324
ignore,10.455401958591324
hoe,10.455401958591324
fauna,10.455401958591324
illegal,10.455401958591324
illustrate,10.455401958591324
illustration,10.455401958591324
faulty,10.455401958591324
imply,10.455401958591324
improper,10.455401958591324
improperly,10.455401958591324
conditionally,10.455401958591324
cleary,10.455401958591324
inaction,10.455401958591324
faith,10.455401958591324
closely,10.455401958591324
sedimentation,10.455401958591324
burden,10.455401958591324
obtainment,10.455401958591324
regardless,10.455401958591324
regent,10.455401958591324
regular,10.455401958591324
rehabilitate,10.455401958591324
rehabilitating,10.455401958591324
reimburse,10.455401958591324
reimbursement,10.455401958591324
reinforce,10.455401958591324
reinter,10.455401958591324
distress,10.455401958591324
distinguish,10.455401958591324
release,10.455401958591324
rental,10.455401958591324
disrupt,10.455401958591324
repetition,10.455401958591324
assoc,10.455401958591324
replicate,10.455401958591324
assn,10.455401958591324
reputable,10.455401958591324
assist,10.455401958591324
rescue,10.455401958591324
disposition,10.455401958591324
assessor,10.455401958591324
attenuator,10.455401958591324
disposed,10.455401958591324
refundable,10.455401958591324
attract,10.455401958591324
dripline,10.455401958591324
drill,10.455401958591324
aviation,10.455401958591324
quote,10.455401958591324
radius,10.455401958591324
drawing,10.455401958591324
avian,10.455401958591324
ram,10.455401958591324
dpm,10.455401958591324
rating,10.455401958591324
rdeir,10.455401958591324
automatically,10.455401958591324
dorado,10.455401958591324
receipt,10.455401958591324
receiver,10.455401958591324
recital,10.455401958591324
recognition,10.455401958591324
authorization,10.455401958591324
reconstruct,10.455401958591324
divide,10.455401958591324
divert,10.455401958591324
diversion,10.455401958591324
ditch,10.455401958591324
reflect,10.455401958591324
assertion,10.455401958591324
respectfully,10.455401958591324
disposal,10.455401958591324
sale,10.455401958591324
sample,10.455401958591324
sandbag,10.455401958591324
sanitation,10.455401958591324
directive,10.455401958591324
santiago,10.455401958591324
sapce,10.455401958591324
direction,10.455401958591324
save,10.455401958591324
scaffolding,10.455401958591324
scaqmd,10.455401958591324
diisocyanate,10.455401958591324
scheme,10.455401958591324
schmidtlow,10.455401958591324
dignity,10.455401958591324
scientific,10.455401958591324
score,10.455401958591324
digital,10.455401958591324
scrutiny,10.455401958591324
secondary,10.455401958591324
archaeological,10.455401958591324
sector,10.455401958591324
secured,10.455401958591324
safely,10.455401958591324
safeguard,10.455401958591324
rural,10.455401958591324
routinely,10.455401958591324
displace,10.455401958591324
responsibility,10.455401958591324
asphalt,10.455401958591324
restriction,10.455401958591324
artificially,10.455401958591324
artificial,10.455401958591324
retire,10.455401958591324
return,10.455401958591324
revenue,10.455401958591324
artifact,10.455401958591324
discovery,10.455401958591324
qualification,10.455401958591324
discourage,10.455401958591324
revoke,10.455401958591324
ride,10.455401958591324
disclaimer,10.455401958591324
arrow,10.455401958591324
riverside,10.455401958591324
robert,10.455401958591324
roller,10.455401958591324
roofline,10.455401958591324
root,10.455401958591324
rosenfeld,10.455401958591324
round,10.455401958591324
revocation,10.455401958591324
pump,10.455401958591324
publish,10.455401958591324
publication,10.455401958591324
overview,10.455401958591324
blow,10.455401958591324
paleontological,10.455401958591324
emanate,10.455401958591324
partially,10.455401958591324
particle,10.455401958591324
eligibility,10.455401958591324
electrically,10.455401958591324
paul,10.455401958591324
payable,10.455401958591324
el,10.455401958591324
pe,10.455401958591324
peninsula,10.455401958591324
egg,10.455401958591324
performance,10.455401958591324
permanency,10.455401958591324
efficient,10.455401958591324
personnel,10.455401958591324
pertain,10.455401958591324
petroleum,10.455401958591324
photograph,10.455401958591324
photographic,10.455401958591324
phrase,10.455401958591324
overlie,10.455401958591324
overlay,10.455401958591324
overhead,10.455401958591324
overestimation,10.455401958591324
occupant,10.455401958591324
occupational,10.455401958591324
oehha,10.455401958591324
offerman,10.455401958591324
contemplate,10.455401958591324
offset,10.455401958591324
briefly,10.455401958591324
brief,10.455401958591324
optic,10.455401958591324
encroach,10.455401958591324
orchard,10.455401958591324
pipe,10.455401958591324
contend,10.455401958591324
ordinarily,10.455401958591324
encompass,10.455401958591324
enclose,10.455401958591324
enactment,10.455401958591324
enact,10.455401958591324
outcome,10.455401958591324
bond,10.455401958591324
body,10.455401958591324
content,10.455401958591324
context,10.455401958591324
emphasize,10.455401958591324
orderly,10.455401958591324
burbank,10.455401958591324
bicyclist,10.455401958591324
bernardino,10.455401958591324
earth,10.455401958591324
pressure,10.455401958591324
presume,10.455401958591324
prevention,10.455401958591324
barrier,10.455401958591324
primarily,10.455401958591324
print,10.455401958591324
barricade,10.455401958591324
bare,10.455401958591324
dump,10.455401958591324
procurement,10.455401958591324
balcony,10.455401958591324
balance,10.455401958591324
baker,10.455401958591324
promulgate,10.455401958591324
proof,10.455401958591324
contrary,10.455401958591324
bag,10.455401958591324
proponent,10.455401958591324
drop,10.455401958591324
baffles,10.455401958591324
protocol,10.455401958591324
provenzano,10.455401958591324
baseboard,10.455401958591324
prepared,10.455401958591324
baseline,10.455401958591324
earthmove,10.455401958591324
continuous,10.455401958591324
edwards,10.455401958591324
bell,10.455401958591324
plastic,10.455401958591324
believe,10.455401958591324
educate,10.455401958591324
ecological,10.455401958591324
polyvinyl,10.455401958591324
port,10.455401958591324
portable,10.455401958591324
continuously,10.455401958591324
effectively,10.455401958591324
position,10.455401958591324
beam,10.455401958591324
beach,10.455401958591324
easily,10.455401958591324
bd,10.455401958591324
ppb,10.455401958591324
precisely,10.455401958591324
preclude,10.455401958591324
predict,10.455401958591324
prehistoric,10.455401958591324
prejudicial,10.455401958591324
preliminary,10.455401958591324
possession,10.455401958591324
presently,10.455401958591324
